filename,score,category,description
audio_804.wav,2.8231037050986068,Intermediate,"The person demonstrates a decent grasp of sentence structure but makes errors in grammatical structure, or they show a decent grasp of grammatical structure but make errors in sentence syntax and structure."
audio_1028.wav,3.564850077645217,Good,"The person displays a strong understanding of sentence structure and syntax. They consistently show good control of grammar. While occasional errors may occur, they are generally minor and do not lead to misunderstandings; the person can correct most of them."
audio_865.wav,3.6134535085448904,Good,"The person displays a strong understanding of sentence structure and syntax. They consistently show good control of grammar. While occasional errors may occur, they are generally minor and do not lead to misunderstandings; the person can correct most of them."
audio_774.wav,3.250088459432131,Intermediate,"The person demonstrates a decent grasp of sentence structure but makes errors in grammatical structure, or they show a decent grasp of grammatical structure but make errors in sentence syntax and structure."
audio_1138.wav,3.0763200611129617,Intermediate,"The person demonstrates a decent grasp of sentence structure but makes errors in grammatical structure, or they show a decent grasp of grammatical structure but make errors in sentence syntax and structure."
audio_278.wav,3.6546208958003352,Good,"The person displays a strong understanding of sentence structure and syntax. They consistently show good control of grammar. While occasional errors may occur, they are generally minor and do not lead to misunderstandings; the person can correct most of them."
audio_1212.wav,3.9453952859678454,Good,"The person displays a strong understanding of sentence structure and syntax. They consistently show good control of grammar. While occasional errors may occur, they are generally minor and do not lead to misunderstandings; the person can correct most of them."
audio_178.wav,4.525059853279675,Excellent,"Overall, the person showcases high grammatical accuracy and adept control of complex grammar. They use grammar accurately and effectively, seldom making noticeable mistakes. Additionally, they handle complex language structures well and correct themselves when necessary."
audio_542.wav,2.724249926205355,Intermediate,"The person demonstrates a decent grasp of sentence structure but makes errors in grammatical structure, or they show a decent grasp of grammatical structure but make errors in sentence syntax and structure."
audio_248.wav,4.488657296899911,Good,"The person displays a strong understanding of sentence structure and syntax. They consistently show good control of grammar. While occasional errors may occur, they are generally minor and do not lead to misunderstandings; the person can correct most of them."
audio_872.wav,3.3198443634136563,Intermediate,"The person demonstrates a decent grasp of sentence structure but makes errors in grammatical structure, or they show a decent grasp of grammatical structure but make errors in sentence syntax and structure."
audio_954.wav,2.5263831963968397,Intermediate,"The person demonstrates a decent grasp of sentence structure but makes errors in grammatical structure, or they show a decent grasp of grammatical structure but make errors in sentence syntax and structure."
audio_853.wav,3.391285794738927,Intermediate,"The person demonstrates a decent grasp of sentence structure but makes errors in grammatical structure, or they show a decent grasp of grammatical structure but make errors in sentence syntax and structure."
audio_171.wav,2.735487829460003,Intermediate,"The person demonstrates a decent grasp of sentence structure but makes errors in grammatical structure, or they show a decent grasp of grammatical structure but make errors in sentence syntax and structure."
audio_922.wav,3.131048835489332,Intermediate,"The person demonstrates a decent grasp of sentence structure but makes errors in grammatical structure, or they show a decent grasp of grammatical structure but make errors in sentence syntax and structure."
audio_915.wav,3.574317689636514,Good,"The person displays a strong understanding of sentence structure and syntax. They consistently show good control of grammar. While occasional errors may occur, they are generally minor and do not lead to misunderstandings; the person can correct most of them."
audio_1220.wav,3.190844776070472,Intermediate,"The person demonstrates a decent grasp of sentence structure but makes errors in grammatical structure, or they show a decent grasp of grammatical structure but make errors in sentence syntax and structure."
audio_1225.wav,2.819390238959242,Intermediate,"The person demonstrates a decent grasp of sentence structure but makes errors in grammatical structure, or they show a decent grasp of grammatical structure but make errors in sentence syntax and structure."
audio_903.wav,2.9184047293229733,Intermediate,"The person demonstrates a decent grasp of sentence structure but makes errors in grammatical structure, or they show a decent grasp of grammatical structure but make errors in sentence syntax and structure."
audio_748.wav,3.0679613403247985,Intermediate,"The person demonstrates a decent grasp of sentence structure but makes errors in grammatical structure, or they show a decent grasp of grammatical structure but make errors in sentence syntax and structure."
audio_284.wav,4.729239673308267,Excellent,"Overall, the person showcases high grammatical accuracy and adept control of complex grammar. They use grammar accurately and effectively, seldom making noticeable mistakes. Additionally, they handle complex language structures well and correct themselves when necessary."
audio_200.wav,3.3070150371325244,Intermediate,"The person demonstrates a decent grasp of sentence structure but makes errors in grammatical structure, or they show a decent grasp of grammatical structure but make errors in sentence syntax and structure."
audio_1255.wav,3.1946293959298098,Intermediate,"The person demonstrates a decent grasp of sentence structure but makes errors in grammatical structure, or they show a decent grasp of grammatical structure but make errors in sentence syntax and structure."
audio_1246.wav,2.895181949425573,Intermediate,"The person demonstrates a decent grasp of sentence structure but makes errors in grammatical structure, or they show a decent grasp of grammatical structure but make errors in sentence syntax and structure."
audio_1102.wav,2.9351843760165597,Intermediate,"The person demonstrates a decent grasp of sentence structure but makes errors in grammatical structure, or they show a decent grasp of grammatical structure but make errors in sentence syntax and structure."
audio_1300.wav,3.3058926006801665,Intermediate,"The person demonstrates a decent grasp of sentence structure but makes errors in grammatical structure, or they show a decent grasp of grammatical structure but make errors in sentence syntax and structure."
audio_80.wav,3.933436552850145,Good,"The person displays a strong understanding of sentence structure and syntax. They consistently show good control of grammar. While occasional errors may occur, they are generally minor and do not lead to misunderstandings; the person can correct most of them."
audio_1041.wav,3.512143061455829,Good,"The person displays a strong understanding of sentence structure and syntax. They consistently show good control of grammar. While occasional errors may occur, they are generally minor and do not lead to misunderstandings; the person can correct most of them."
audio_256.wav,4.609649580626442,Excellent,"Overall, the person showcases high grammatical accuracy and adept control of complex grammar. They use grammar accurately and effectively, seldom making noticeable mistakes. Additionally, they handle complex language structures well and correct themselves when necessary."
audio_328.wav,3.3645598611419896,Intermediate,"The person demonstrates a decent grasp of sentence structure but makes errors in grammatical structure, or they show a decent grasp of grammatical structure but make errors in sentence syntax and structure."
audio_301.wav,4.114397952345015,Good,"The person displays a strong understanding of sentence structure and syntax. They consistently show good control of grammar. While occasional errors may occur, they are generally minor and do not lead to misunderstandings; the person can correct most of them."
audio_938.wav,2.8117817718771274,Intermediate,"The person demonstrates a decent grasp of sentence structure but makes errors in grammatical structure, or they show a decent grasp of grammatical structure but make errors in sentence syntax and structure."
audio_1055.wav,4.5400669607369855,Excellent,"Overall, the person showcases high grammatical accuracy and adept control of complex grammar. They use grammar accurately and effectively, seldom making noticeable mistakes. Additionally, they handle complex language structures well and correct themselves when necessary."
audio_664.wav,3.291823938591397,Intermediate,"The person demonstrates a decent grasp of sentence structure but makes errors in grammatical structure, or they show a decent grasp of grammatical structure but make errors in sentence syntax and structure."
audio_89.wav,4.426570027645521,Good,"The person displays a strong understanding of sentence structure and syntax. They consistently show good control of grammar. While occasional errors may occur, they are generally minor and do not lead to misunderstandings; the person can correct most of them."
audio_407.wav,4.131968534997355,Good,"The person displays a strong understanding of sentence structure and syntax. They consistently show good control of grammar. While occasional errors may occur, they are generally minor and do not lead to misunderstandings; the person can correct most of them."
audio_1025.wav,3.124093293831415,Intermediate,"The person demonstrates a decent grasp of sentence structure but makes errors in grammatical structure, or they show a decent grasp of grammatical structure but make errors in sentence syntax and structure."
audio_72.wav,4.682370874832049,Excellent,"Overall, the person showcases high grammatical accuracy and adept control of complex grammar. They use grammar accurately and effectively, seldom making noticeable mistakes. Additionally, they handle complex language structures well and correct themselves when necessary."
audio_1316.wav,3.6569834389793967,Good,"The person displays a strong understanding of sentence structure and syntax. They consistently show good control of grammar. While occasional errors may occur, they are generally minor and do not lead to misunderstandings; the person can correct most of them."
audio_661.wav,3.12602023928841,Intermediate,"The person demonstrates a decent grasp of sentence structure but makes errors in grammatical structure, or they show a decent grasp of grammatical structure but make errors in sentence syntax and structure."
audio_822.wav,4.671200423770313,Excellent,"Overall, the person showcases high grammatical accuracy and adept control of complex grammar. They use grammar accurately and effectively, seldom making noticeable mistakes. Additionally, they handle complex language structures well and correct themselves when necessary."
audio_956.wav,3.188086613779154,Intermediate,"The person demonstrates a decent grasp of sentence structure but makes errors in grammatical structure, or they show a decent grasp of grammatical structure but make errors in sentence syntax and structure."
audio_1329.wav,4.217012126875455,Good,"The person displays a strong understanding of sentence structure and syntax. They consistently show good control of grammar. While occasional errors may occur, they are generally minor and do not lead to misunderstandings; the person can correct most of them."
audio_1218.wav,2.9868183253140117,Intermediate,"The person demonstrates a decent grasp of sentence structure but makes errors in grammatical structure, or they show a decent grasp of grammatical structure but make errors in sentence syntax and structure."
audio_1286.wav,2.156442848255214,Poor,"The person has a limited understanding of sentence structure and syntax. Although they use simple structures, they consistently make basic sentence structure and grammatical mistakes. They might leave sentences incomplete."
audio_1166.wav,3.491351277934609,Intermediate,"The person demonstrates a decent grasp of sentence structure but makes errors in grammatical structure, or they show a decent grasp of grammatical structure but make errors in sentence syntax and structure."
audio_1231.wav,4.278599768445083,Good,"The person displays a strong understanding of sentence structure and syntax. They consistently show good control of grammar. While occasional errors may occur, they are generally minor and do not lead to misunderstandings; the person can correct most of them."
audio_501.wav,3.769078647538993,Good,"The person displays a strong understanding of sentence structure and syntax. They consistently show good control of grammar. While occasional errors may occur, they are generally minor and do not lead to misunderstandings; the person can correct most of them."
audio_188.wav,4.387760452463447,Good,"The person displays a strong understanding of sentence structure and syntax. They consistently show good control of grammar. While occasional errors may occur, they are generally minor and do not lead to misunderstandings; the person can correct most of them."
audio_746.wav,3.495463307146375,Intermediate,"The person demonstrates a decent grasp of sentence structure but makes errors in grammatical structure, or they show a decent grasp of grammatical structure but make errors in sentence syntax and structure."
audio_218.wav,3.5067578677725937,Good,"The person displays a strong understanding of sentence structure and syntax. They consistently show good control of grammar. While occasional errors may occur, they are generally minor and do not lead to misunderstandings; the person can correct most of them."
audio_168.wav,3.554142514296165,Good,"The person displays a strong understanding of sentence structure and syntax. They consistently show good control of grammar. While occasional errors may occur, they are generally minor and do not lead to misunderstandings; the person can correct most of them."
audio_689.wav,3.7335290600624447,Good,"The person displays a strong understanding of sentence structure and syntax. They consistently show good control of grammar. While occasional errors may occur, they are generally minor and do not lead to misunderstandings; the person can correct most of them."
audio_234.wav,4.444723170805906,Good,"The person displays a strong understanding of sentence structure and syntax. They consistently show good control of grammar. While occasional errors may occur, they are generally minor and do not lead to misunderstandings; the person can correct most of them."
audio_670.wav,3.621675116607576,Good,"The person displays a strong understanding of sentence structure and syntax. They consistently show good control of grammar. While occasional errors may occur, they are generally minor and do not lead to misunderstandings; the person can correct most of them."
audio_241.wav,4.453424799772056,Good,"The person displays a strong understanding of sentence structure and syntax. They consistently show good control of grammar. While occasional errors may occur, they are generally minor and do not lead to misunderstandings; the person can correct most of them."
audio_1226.wav,3.239215745793297,Intermediate,"The person demonstrates a decent grasp of sentence structure but makes errors in grammatical structure, or they show a decent grasp of grammatical structure but make errors in sentence syntax and structure."
audio_47.wav,4.393917530593335,Good,"The person displays a strong understanding of sentence structure and syntax. They consistently show good control of grammar. While occasional errors may occur, they are generally minor and do not lead to misunderstandings; the person can correct most of them."
audio_220.wav,3.6124650736551502,Good,"The person displays a strong understanding of sentence structure and syntax. They consistently show good control of grammar. While occasional errors may occur, they are generally minor and do not lead to misunderstandings; the person can correct most of them."
audio_548.wav,3.4988908601563904,Intermediate,"The person demonstrates a decent grasp of sentence structure but makes errors in grammatical structure, or they show a decent grasp of grammatical structure but make errors in sentence syntax and structure."
audio_674.wav,3.8137920688598954,Good,"The person displays a strong understanding of sentence structure and syntax. They consistently show good control of grammar. While occasional errors may occur, they are generally minor and do not lead to misunderstandings; the person can correct most of them."
audio_450.wav,3.6446878001435734,Good,"The person displays a strong understanding of sentence structure and syntax. They consistently show good control of grammar. While occasional errors may occur, they are generally minor and do not lead to misunderstandings; the person can correct most of them."
audio_1326.wav,3.856293459746376,Good,"The person displays a strong understanding of sentence structure and syntax. They consistently show good control of grammar. While occasional errors may occur, they are generally minor and do not lead to misunderstandings; the person can correct most of them."
audio_128.wav,4.377153277701634,Good,"The person displays a strong understanding of sentence structure and syntax. They consistently show good control of grammar. While occasional errors may occur, they are generally minor and do not lead to misunderstandings; the person can correct most of them."
audio_430.wav,4.956722269177876,Excellent,"Overall, the person showcases high grammatical accuracy and adept control of complex grammar. They use grammar accurately and effectively, seldom making noticeable mistakes. Additionally, they handle complex language structures well and correct themselves when necessary."
audio_376.wav,4.226573327098672,Good,"The person displays a strong understanding of sentence structure and syntax. They consistently show good control of grammar. While occasional errors may occur, they are generally minor and do not lead to misunderstandings; the person can correct most of them."
audio_502.wav,3.821115321025851,Good,"The person displays a strong understanding of sentence structure and syntax. They consistently show good control of grammar. While occasional errors may occur, they are generally minor and do not lead to misunderstandings; the person can correct most of them."
audio_67.wav,3.9618556294626126,Good,"The person displays a strong understanding of sentence structure and syntax. They consistently show good control of grammar. While occasional errors may occur, they are generally minor and do not lead to misunderstandings; the person can correct most of them."
audio_1134.wav,3.5768420202939253,Good,"The person displays a strong understanding of sentence structure and syntax. They consistently show good control of grammar. While occasional errors may occur, they are generally minor and do not lead to misunderstandings; the person can correct most of them."
audio_33.wav,3.87918983558094,Good,"The person displays a strong understanding of sentence structure and syntax. They consistently show good control of grammar. While occasional errors may occur, they are generally minor and do not lead to misunderstandings; the person can correct most of them."
audio_817.wav,2.26786750857297,Poor,"The person has a limited understanding of sentence structure and syntax. Although they use simple structures, they consistently make basic sentence structure and grammatical mistakes. They might leave sentences incomplete."
audio_780.wav,3.035123326977466,Intermediate,"The person demonstrates a decent grasp of sentence structure but makes errors in grammatical structure, or they show a decent grasp of grammatical structure but make errors in sentence syntax and structure."
audio_309.wav,4.4452845766329645,Good,"The person displays a strong understanding of sentence structure and syntax. They consistently show good control of grammar. While occasional errors may occur, they are generally minor and do not lead to misunderstandings; the person can correct most of them."
audio_1039.wav,4.089329506475365,Good,"The person displays a strong understanding of sentence structure and syntax. They consistently show good control of grammar. While occasional errors may occur, they are generally minor and do not lead to misunderstandings; the person can correct most of them."
audio_765.wav,3.421953283030291,Intermediate,"The person demonstrates a decent grasp of sentence structure but makes errors in grammatical structure, or they show a decent grasp of grammatical structure but make errors in sentence syntax and structure."
audio_353.wav,3.910480199535098,Good,"The person displays a strong understanding of sentence structure and syntax. They consistently show good control of grammar. While occasional errors may occur, they are generally minor and do not lead to misunderstandings; the person can correct most of them."
audio_940.wav,3.891250591784032,Good,"The person displays a strong understanding of sentence structure and syntax. They consistently show good control of grammar. While occasional errors may occur, they are generally minor and do not lead to misunderstandings; the person can correct most of them."
audio_1258.wav,3.333700341345839,Intermediate,"The person demonstrates a decent grasp of sentence structure but makes errors in grammatical structure, or they show a decent grasp of grammatical structure but make errors in sentence syntax and structure."
audio_1170.wav,3.318620694861458,Intermediate,"The person demonstrates a decent grasp of sentence structure but makes errors in grammatical structure, or they show a decent grasp of grammatical structure but make errors in sentence syntax and structure."
audio_1011.wav,4.521014144037803,Excellent,"Overall, the person showcases high grammatical accuracy and adept control of complex grammar. They use grammar accurately and effectively, seldom making noticeable mistakes. Additionally, they handle complex language structures well and correct themselves when necessary."
audio_769.wav,3.1687705167309463,Intermediate,"The person demonstrates a decent grasp of sentence structure but makes errors in grammatical structure, or they show a decent grasp of grammatical structure but make errors in sentence syntax and structure."
audio_324.wav,3.486526646141437,Intermediate,"The person demonstrates a decent grasp of sentence structure but makes errors in grammatical structure, or they show a decent grasp of grammatical structure but make errors in sentence syntax and structure."
audio_599.wav,3.5061465773528697,Good,"The person displays a strong understanding of sentence structure and syntax. They consistently show good control of grammar. While occasional errors may occur, they are generally minor and do not lead to misunderstandings; the person can correct most of them."
audio_828.wav,4.457707075661033,Good,"The person displays a strong understanding of sentence structure and syntax. They consistently show good control of grammar. While occasional errors may occur, they are generally minor and do not lead to misunderstandings; the person can correct most of them."
audio_1294.wav,3.84764733706208,Good,"The person displays a strong understanding of sentence structure and syntax. They consistently show good control of grammar. While occasional errors may occur, they are generally minor and do not lead to misunderstandings; the person can correct most of them."
audio_585.wav,3.5848633228899858,Good,"The person displays a strong understanding of sentence structure and syntax. They consistently show good control of grammar. While occasional errors may occur, they are generally minor and do not lead to misunderstandings; the person can correct most of them."
audio_904.wav,3.703390911824868,Good,"The person displays a strong understanding of sentence structure and syntax. They consistently show good control of grammar. While occasional errors may occur, they are generally minor and do not lead to misunderstandings; the person can correct most of them."
audio_1291.wav,4.82130765618716,Excellent,"Overall, the person showcases high grammatical accuracy and adept control of complex grammar. They use grammar accurately and effectively, seldom making noticeable mistakes. Additionally, they handle complex language structures well and correct themselves when necessary."
audio_902.wav,3.8720242151577366,Good,"The person displays a strong understanding of sentence structure and syntax. They consistently show good control of grammar. While occasional errors may occur, they are generally minor and do not lead to misunderstandings; the person can correct most of them."
audio_529.wav,3.991196293779901,Good,"The person displays a strong understanding of sentence structure and syntax. They consistently show good control of grammar. While occasional errors may occur, they are generally minor and do not lead to misunderstandings; the person can correct most of them."
audio_1006.wav,4.003372420982112,Good,"The person displays a strong understanding of sentence structure and syntax. They consistently show good control of grammar. While occasional errors may occur, they are generally minor and do not lead to misunderstandings; the person can correct most of them."
audio_827.wav,4.246405735071797,Good,"The person displays a strong understanding of sentence structure and syntax. They consistently show good control of grammar. While occasional errors may occur, they are generally minor and do not lead to misunderstandings; the person can correct most of them."
audio_909.wav,2.8766340885908335,Intermediate,"The person demonstrates a decent grasp of sentence structure but makes errors in grammatical structure, or they show a decent grasp of grammatical structure but make errors in sentence syntax and structure."
audio_947.wav,4.061715295282609,Good,"The person displays a strong understanding of sentence structure and syntax. They consistently show good control of grammar. While occasional errors may occur, they are generally minor and do not lead to misunderstandings; the person can correct most of them."
audio_952.wav,3.846770914557123,Good,"The person displays a strong understanding of sentence structure and syntax. They consistently show good control of grammar. While occasional errors may occur, they are generally minor and do not lead to misunderstandings; the person can correct most of them."
audio_647.wav,3.523923250442799,Good,"The person displays a strong understanding of sentence structure and syntax. They consistently show good control of grammar. While occasional errors may occur, they are generally minor and do not lead to misunderstandings; the person can correct most of them."
audio_841.wav,3.3230471968435635,Intermediate,"The person demonstrates a decent grasp of sentence structure but makes errors in grammatical structure, or they show a decent grasp of grammatical structure but make errors in sentence syntax and structure."
audio_261.wav,4.049882949231285,Good,"The person displays a strong understanding of sentence structure and syntax. They consistently show good control of grammar. While occasional errors may occur, they are generally minor and do not lead to misunderstandings; the person can correct most of them."
audio_14.wav,4.1881066644163685,Good,"The person displays a strong understanding of sentence structure and syntax. They consistently show good control of grammar. While occasional errors may occur, they are generally minor and do not lead to misunderstandings; the person can correct most of them."
audio_681.wav,3.924666602943267,Good,"The person displays a strong understanding of sentence structure and syntax. They consistently show good control of grammar. While occasional errors may occur, they are generally minor and do not lead to misunderstandings; the person can correct most of them."
audio_818.wav,3.7544042367982864,Good,"The person displays a strong understanding of sentence structure and syntax. They consistently show good control of grammar. While occasional errors may occur, they are generally minor and do not lead to misunderstandings; the person can correct most of them."
audio_1046.wav,3.466119307269099,Intermediate,"The person demonstrates a decent grasp of sentence structure but makes errors in grammatical structure, or they show a decent grasp of grammatical structure but make errors in sentence syntax and structure."
audio_976.wav,4.036174317456475,Good,"The person displays a strong understanding of sentence structure and syntax. They consistently show good control of grammar. While occasional errors may occur, they are generally minor and do not lead to misunderstandings; the person can correct most of them."
audio_714.wav,2.6103458430964204,Intermediate,"The person demonstrates a decent grasp of sentence structure but makes errors in grammatical structure, or they show a decent grasp of grammatical structure but make errors in sentence syntax and structure."
audio_1207.wav,3.543891030928746,Good,"The person displays a strong understanding of sentence structure and syntax. They consistently show good control of grammar. While occasional errors may occur, they are generally minor and do not lead to misunderstandings; the person can correct most of them."
audio_1217.wav,3.801658155876733,Good,"The person displays a strong understanding of sentence structure and syntax. They consistently show good control of grammar. While occasional errors may occur, they are generally minor and do not lead to misunderstandings; the person can correct most of them."
audio_27.wav,4.226974161720105,Good,"The person displays a strong understanding of sentence structure and syntax. They consistently show good control of grammar. While occasional errors may occur, they are generally minor and do not lead to misunderstandings; the person can correct most of them."
audio_1131.wav,3.0513537303387057,Intermediate,"The person demonstrates a decent grasp of sentence structure but makes errors in grammatical structure, or they show a decent grasp of grammatical structure but make errors in sentence syntax and structure."
audio_682.wav,2.9495013418560294,Intermediate,"The person demonstrates a decent grasp of sentence structure but makes errors in grammatical structure, or they show a decent grasp of grammatical structure but make errors in sentence syntax and structure."
audio_1059.wav,3.899563911686051,Good,"The person displays a strong understanding of sentence structure and syntax. They consistently show good control of grammar. While occasional errors may occur, they are generally minor and do not lead to misunderstandings; the person can correct most of them."
audio_846.wav,3.453207625588686,Intermediate,"The person demonstrates a decent grasp of sentence structure but makes errors in grammatical structure, or they show a decent grasp of grammatical structure but make errors in sentence syntax and structure."
audio_988.wav,2.976384051006751,Intermediate,"The person demonstrates a decent grasp of sentence structure but makes errors in grammatical structure, or they show a decent grasp of grammatical structure but make errors in sentence syntax and structure."
audio_34.wav,3.0671789791377195,Intermediate,"The person demonstrates a decent grasp of sentence structure but makes errors in grammatical structure, or they show a decent grasp of grammatical structure but make errors in sentence syntax and structure."
audio_1186.wav,3.4702149170128314,Intermediate,"The person demonstrates a decent grasp of sentence structure but makes errors in grammatical structure, or they show a decent grasp of grammatical structure but make errors in sentence syntax and structure."
audio_1142.wav,4.1002820748798054,Good,"The person displays a strong understanding of sentence structure and syntax. They consistently show good control of grammar. While occasional errors may occur, they are generally minor and do not lead to misunderstandings; the person can correct most of them."
audio_257.wav,3.396511775262985,Intermediate,"The person demonstrates a decent grasp of sentence structure but makes errors in grammatical structure, or they show a decent grasp of grammatical structure but make errors in sentence syntax and structure."
audio_1092.wav,4.674715054404155,Excellent,"Overall, the person showcases high grammatical accuracy and adept control of complex grammar. They use grammar accurately and effectively, seldom making noticeable mistakes. Additionally, they handle complex language structures well and correct themselves when necessary."
audio_117.wav,3.7665559040149903,Good,"The person displays a strong understanding of sentence structure and syntax. They consistently show good control of grammar. While occasional errors may occur, they are generally minor and do not lead to misunderstandings; the person can correct most of them."
audio_744.wav,3.642838179129084,Good,"The person displays a strong understanding of sentence structure and syntax. They consistently show good control of grammar. While occasional errors may occur, they are generally minor and do not lead to misunderstandings; the person can correct most of them."
audio_449.wav,2.5938632346181385,Intermediate,"The person demonstrates a decent grasp of sentence structure but makes errors in grammatical structure, or they show a decent grasp of grammatical structure but make errors in sentence syntax and structure."
audio_1270.wav,4.751908839695967,Excellent,"Overall, the person showcases high grammatical accuracy and adept control of complex grammar. They use grammar accurately and effectively, seldom making noticeable mistakes. Additionally, they handle complex language structures well and correct themselves when necessary."
audio_935.wav,3.2954187540708486,Intermediate,"The person demonstrates a decent grasp of sentence structure but makes errors in grammatical structure, or they show a decent grasp of grammatical structure but make errors in sentence syntax and structure."
audio_858.wav,3.293522369355492,Intermediate,"The person demonstrates a decent grasp of sentence structure but makes errors in grammatical structure, or they show a decent grasp of grammatical structure but make errors in sentence syntax and structure."
audio_686.wav,3.1100707277972046,Intermediate,"The person demonstrates a decent grasp of sentence structure but makes errors in grammatical structure, or they show a decent grasp of grammatical structure but make errors in sentence syntax and structure."
audio_929.wav,3.893757083604999,Good,"The person displays a strong understanding of sentence structure and syntax. They consistently show good control of grammar. While occasional errors may occur, they are generally minor and do not lead to misunderstandings; the person can correct most of them."
audio_41.wav,4.552182317166709,Excellent,"Overall, the person showcases high grammatical accuracy and adept control of complex grammar. They use grammar accurately and effectively, seldom making noticeable mistakes. Additionally, they handle complex language structures well and correct themselves when necessary."
audio_483.wav,4.897611946803005,Excellent,"Overall, the person showcases high grammatical accuracy and adept control of complex grammar. They use grammar accurately and effectively, seldom making noticeable mistakes. Additionally, they handle complex language structures well and correct themselves when necessary."
audio_530.wav,3.707137528849839,Good,"The person displays a strong understanding of sentence structure and syntax. They consistently show good control of grammar. While occasional errors may occur, they are generally minor and do not lead to misunderstandings; the person can correct most of them."
audio_1158.wav,4.773667910885996,Excellent,"Overall, the person showcases high grammatical accuracy and adept control of complex grammar. They use grammar accurately and effectively, seldom making noticeable mistakes. Additionally, they handle complex language structures well and correct themselves when necessary."
audio_130.wav,4.553185885785959,Excellent,"Overall, the person showcases high grammatical accuracy and adept control of complex grammar. They use grammar accurately and effectively, seldom making noticeable mistakes. Additionally, they handle complex language structures well and correct themselves when necessary."
audio_962.wav,3.745085894355953,Good,"The person displays a strong understanding of sentence structure and syntax. They consistently show good control of grammar. While occasional errors may occur, they are generally minor and do not lead to misunderstandings; the person can correct most of them."
audio_505.wav,4.87669014493165,Excellent,"Overall, the person showcases high grammatical accuracy and adept control of complex grammar. They use grammar accurately and effectively, seldom making noticeable mistakes. Additionally, they handle complex language structures well and correct themselves when necessary."
audio_966.wav,3.8724722822030353,Good,"The person displays a strong understanding of sentence structure and syntax. They consistently show good control of grammar. While occasional errors may occur, they are generally minor and do not lead to misunderstandings; the person can correct most of them."
audio_989.wav,3.2018177379898587,Intermediate,"The person demonstrates a decent grasp of sentence structure but makes errors in grammatical structure, or they show a decent grasp of grammatical structure but make errors in sentence syntax and structure."
audio_464.wav,4.290164421112937,Good,"The person displays a strong understanding of sentence structure and syntax. They consistently show good control of grammar. While occasional errors may occur, they are generally minor and do not lead to misunderstandings; the person can correct most of them."
audio_1165.wav,4.448385219681961,Good,"The person displays a strong understanding of sentence structure and syntax. They consistently show good control of grammar. While occasional errors may occur, they are generally minor and do not lead to misunderstandings; the person can correct most of them."
audio_1200.wav,4.49898791942416,Good,"The person displays a strong understanding of sentence structure and syntax. They consistently show good control of grammar. While occasional errors may occur, they are generally minor and do not lead to misunderstandings; the person can correct most of them."
audio_554.wav,4.295541274828886,Good,"The person displays a strong understanding of sentence structure and syntax. They consistently show good control of grammar. While occasional errors may occur, they are generally minor and do not lead to misunderstandings; the person can correct most of them."
audio_481.wav,3.734447772639392,Good,"The person displays a strong understanding of sentence structure and syntax. They consistently show good control of grammar. While occasional errors may occur, they are generally minor and do not lead to misunderstandings; the person can correct most of them."
audio_245.wav,4.486061937939646,Good,"The person displays a strong understanding of sentence structure and syntax. They consistently show good control of grammar. While occasional errors may occur, they are generally minor and do not lead to misunderstandings; the person can correct most of them."
audio_453.wav,3.918315781941139,Good,"The person displays a strong understanding of sentence structure and syntax. They consistently show good control of grammar. While occasional errors may occur, they are generally minor and do not lead to misunderstandings; the person can correct most of them."
audio_1099.wav,3.30936864098616,Intermediate,"The person demonstrates a decent grasp of sentence structure but makes errors in grammatical structure, or they show a decent grasp of grammatical structure but make errors in sentence syntax and structure."
audio_327.wav,4.348381158532676,Good,"The person displays a strong understanding of sentence structure and syntax. They consistently show good control of grammar. While occasional errors may occur, they are generally minor and do not lead to misunderstandings; the person can correct most of them."
audio_854.wav,4.013815154614912,Good,"The person displays a strong understanding of sentence structure and syntax. They consistently show good control of grammar. While occasional errors may occur, they are generally minor and do not lead to misunderstandings; the person can correct most of them."
audio_13.wav,3.630038687194383,Good,"The person displays a strong understanding of sentence structure and syntax. They consistently show good control of grammar. While occasional errors may occur, they are generally minor and do not lead to misunderstandings; the person can correct most of them."
audio_358.wav,3.7512491720656698,Good,"The person displays a strong understanding of sentence structure and syntax. They consistently show good control of grammar. While occasional errors may occur, they are generally minor and do not lead to misunderstandings; the person can correct most of them."
audio_1104.wav,3.419851160036879,Intermediate,"The person demonstrates a decent grasp of sentence structure but makes errors in grammatical structure, or they show a decent grasp of grammatical structure but make errors in sentence syntax and structure."
audio_236.wav,4.342829179618233,Good,"The person displays a strong understanding of sentence structure and syntax. They consistently show good control of grammar. While occasional errors may occur, they are generally minor and do not lead to misunderstandings; the person can correct most of them."
audio_373.wav,3.9882050121043418,Good,"The person displays a strong understanding of sentence structure and syntax. They consistently show good control of grammar. While occasional errors may occur, they are generally minor and do not lead to misunderstandings; the person can correct most of them."
audio_701.wav,4.191132118552498,Good,"The person displays a strong understanding of sentence structure and syntax. They consistently show good control of grammar. While occasional errors may occur, they are generally minor and do not lead to misunderstandings; the person can correct most of them."
audio_612.wav,4.461499801203446,Good,"The person displays a strong understanding of sentence structure and syntax. They consistently show good control of grammar. While occasional errors may occur, they are generally minor and do not lead to misunderstandings; the person can correct most of them."
audio_161.wav,4.098409974781974,Good,"The person displays a strong understanding of sentence structure and syntax. They consistently show good control of grammar. While occasional errors may occur, they are generally minor and do not lead to misunderstandings; the person can correct most of them."
audio_472.wav,4.651497278837845,Excellent,"Overall, the person showcases high grammatical accuracy and adept control of complex grammar. They use grammar accurately and effectively, seldom making noticeable mistakes. Additionally, they handle complex language structures well and correct themselves when necessary."
audio_967.wav,3.443574257363982,Intermediate,"The person demonstrates a decent grasp of sentence structure but makes errors in grammatical structure, or they show a decent grasp of grammatical structure but make errors in sentence syntax and structure."
audio_267.wav,3.9024806234395073,Good,"The person displays a strong understanding of sentence structure and syntax. They consistently show good control of grammar. While occasional errors may occur, they are generally minor and do not lead to misunderstandings; the person can correct most of them."
audio_709.wav,4.086012664977521,Good,"The person displays a strong understanding of sentence structure and syntax. They consistently show good control of grammar. While occasional errors may occur, they are generally minor and do not lead to misunderstandings; the person can correct most of them."
audio_534.wav,4.216450598588548,Good,"The person displays a strong understanding of sentence structure and syntax. They consistently show good control of grammar. While occasional errors may occur, they are generally minor and do not lead to misunderstandings; the person can correct most of them."
audio_298.wav,3.9994230962671926,Good,"The person displays a strong understanding of sentence structure and syntax. They consistently show good control of grammar. While occasional errors may occur, they are generally minor and do not lead to misunderstandings; the person can correct most of them."
audio_995.wav,3.5671651448251485,Good,"The person displays a strong understanding of sentence structure and syntax. They consistently show good control of grammar. While occasional errors may occur, they are generally minor and do not lead to misunderstandings; the person can correct most of them."
audio_24.wav,4.350328017173852,Good,"The person displays a strong understanding of sentence structure and syntax. They consistently show good control of grammar. While occasional errors may occur, they are generally minor and do not lead to misunderstandings; the person can correct most of them."
audio_1163.wav,4.35661601152296,Good,"The person displays a strong understanding of sentence structure and syntax. They consistently show good control of grammar. While occasional errors may occur, they are generally minor and do not lead to misunderstandings; the person can correct most of them."
audio_855.wav,3.6246391879170776,Good,"The person displays a strong understanding of sentence structure and syntax. They consistently show good control of grammar. While occasional errors may occur, they are generally minor and do not lead to misunderstandings; the person can correct most of them."
audio_652.wav,4.066990361612237,Good,"The person displays a strong understanding of sentence structure and syntax. They consistently show good control of grammar. While occasional errors may occur, they are generally minor and do not lead to misunderstandings; the person can correct most of them."
audio_1069.wav,4.9811919952391195,Excellent,"Overall, the person showcases high grammatical accuracy and adept control of complex grammar. They use grammar accurately and effectively, seldom making noticeable mistakes. Additionally, they handle complex language structures well and correct themselves when necessary."
audio_415.wav,4.486994292231465,Good,"The person displays a strong understanding of sentence structure and syntax. They consistently show good control of grammar. While occasional errors may occur, they are generally minor and do not lead to misunderstandings; the person can correct most of them."
audio_1090.wav,5.0,Excellent,"Overall, the person showcases high grammatical accuracy and adept control of complex grammar. They use grammar accurately and effectively, seldom making noticeable mistakes. Additionally, they handle complex language structures well and correct themselves when necessary."
audio_766.wav,3.8787163672804006,Good,"The person displays a strong understanding of sentence structure and syntax. They consistently show good control of grammar. While occasional errors may occur, they are generally minor and do not lead to misunderstandings; the person can correct most of them."
audio_568.wav,4.755124199110805,Excellent,"Overall, the person showcases high grammatical accuracy and adept control of complex grammar. They use grammar accurately and effectively, seldom making noticeable mistakes. Additionally, they handle complex language structures well and correct themselves when necessary."
audio_885.wav,4.338460781467357,Good,"The person displays a strong understanding of sentence structure and syntax. They consistently show good control of grammar. While occasional errors may occur, they are generally minor and do not lead to misunderstandings; the person can correct most of them."
audio_108.wav,4.701037021882424,Excellent,"Overall, the person showcases high grammatical accuracy and adept control of complex grammar. They use grammar accurately and effectively, seldom making noticeable mistakes. Additionally, they handle complex language structures well and correct themselves when necessary."
audio_1179.wav,3.5104222039259616,Good,"The person displays a strong understanding of sentence structure and syntax. They consistently show good control of grammar. While occasional errors may occur, they are generally minor and do not lead to misunderstandings; the person can correct most of them."
audio_377.wav,4.848687174449397,Excellent,"Overall, the person showcases high grammatical accuracy and adept control of complex grammar. They use grammar accurately and effectively, seldom making noticeable mistakes. Additionally, they handle complex language structures well and correct themselves when necessary."
audio_390.wav,4.505936349605979,Excellent,"Overall, the person showcases high grammatical accuracy and adept control of complex grammar. They use grammar accurately and effectively, seldom making noticeable mistakes. Additionally, they handle complex language structures well and correct themselves when necessary."
audio_692.wav,4.180161376620829,Good,"The person displays a strong understanding of sentence structure and syntax. They consistently show good control of grammar. While occasional errors may occur, they are generally minor and do not lead to misunderstandings; the person can correct most of them."
audio_508.wav,4.7407081222790515,Excellent,"Overall, the person showcases high grammatical accuracy and adept control of complex grammar. They use grammar accurately and effectively, seldom making noticeable mistakes. Additionally, they handle complex language structures well and correct themselves when necessary."
audio_357.wav,4.677471105081857,Excellent,"Overall, the person showcases high grammatical accuracy and adept control of complex grammar. They use grammar accurately and effectively, seldom making noticeable mistakes. Additionally, they handle complex language structures well and correct themselves when necessary."
audio_273.wav,3.9783023007848777,Good,"The person displays a strong understanding of sentence structure and syntax. They consistently show good control of grammar. While occasional errors may occur, they are generally minor and do not lead to misunderstandings; the person can correct most of them."
audio_1180.wav,4.934348308796064,Excellent,"Overall, the person showcases high grammatical accuracy and adept control of complex grammar. They use grammar accurately and effectively, seldom making noticeable mistakes. Additionally, they handle complex language structures well and correct themselves when necessary."
audio_668.wav,3.6936012288867057,Good,"The person displays a strong understanding of sentence structure and syntax. They consistently show good control of grammar. While occasional errors may occur, they are generally minor and do not lead to misunderstandings; the person can correct most of them."
audio_1187.wav,4.527253428337433,Excellent,"Overall, the person showcases high grammatical accuracy and adept control of complex grammar. They use grammar accurately and effectively, seldom making noticeable mistakes. Additionally, they handle complex language structures well and correct themselves when necessary."
audio_452.wav,5.0,Excellent,"Overall, the person showcases high grammatical accuracy and adept control of complex grammar. They use grammar accurately and effectively, seldom making noticeable mistakes. Additionally, they handle complex language structures well and correct themselves when necessary."
audio_335.wav,3.4323391522471796,Intermediate,"The person demonstrates a decent grasp of sentence structure but makes errors in grammatical structure, or they show a decent grasp of grammatical structure but make errors in sentence syntax and structure."
audio_268.wav,4.748441058337594,Excellent,"Overall, the person showcases high grammatical accuracy and adept control of complex grammar. They use grammar accurately and effectively, seldom making noticeable mistakes. Additionally, they handle complex language structures well and correct themselves when necessary."
audio_330.wav,4.105792889643453,Good,"The person displays a strong understanding of sentence structure and syntax. They consistently show good control of grammar. While occasional errors may occur, they are generally minor and do not lead to misunderstandings; the person can correct most of them."
audio_637.wav,4.005443217731942,Good,"The person displays a strong understanding of sentence structure and syntax. They consistently show good control of grammar. While occasional errors may occur, they are generally minor and do not lead to misunderstandings; the person can correct most of them."
audio_339.wav,4.568343216885835,Excellent,"Overall, the person showcases high grammatical accuracy and adept control of complex grammar. They use grammar accurately and effectively, seldom making noticeable mistakes. Additionally, they handle complex language structures well and correct themselves when necessary."
audio_1088.wav,4.582989511704602,Excellent,"Overall, the person showcases high grammatical accuracy and adept control of complex grammar. They use grammar accurately and effectively, seldom making noticeable mistakes. Additionally, they handle complex language structures well and correct themselves when necessary."
audio_397.wav,4.419788364814214,Good,"The person displays a strong understanding of sentence structure and syntax. They consistently show good control of grammar. While occasional errors may occur, they are generally minor and do not lead to misunderstandings; the person can correct most of them."
audio_1136.wav,3.787406555640144,Good,"The person displays a strong understanding of sentence structure and syntax. They consistently show good control of grammar. While occasional errors may occur, they are generally minor and do not lead to misunderstandings; the person can correct most of them."
audio_153.wav,4.628457804242064,Excellent,"Overall, the person showcases high grammatical accuracy and adept control of complex grammar. They use grammar accurately and effectively, seldom making noticeable mistakes. Additionally, they handle complex language structures well and correct themselves when necessary."
audio_99.wav,4.293646773260442,Good,"The person displays a strong understanding of sentence structure and syntax. They consistently show good control of grammar. While occasional errors may occur, they are generally minor and do not lead to misunderstandings; the person can correct most of them."
audio_249.wav,5.0,Excellent,"Overall, the person showcases high grammatical accuracy and adept control of complex grammar. They use grammar accurately and effectively, seldom making noticeable mistakes. Additionally, they handle complex language structures well and correct themselves when necessary."
audio_590.wav,4.318762068912526,Good,"The person displays a strong understanding of sentence structure and syntax. They consistently show good control of grammar. While occasional errors may occur, they are generally minor and do not lead to misunderstandings; the person can correct most of them."
audio_57.wav,4.777649636920082,Excellent,"Overall, the person showcases high grammatical accuracy and adept control of complex grammar. They use grammar accurately and effectively, seldom making noticeable mistakes. Additionally, they handle complex language structures well and correct themselves when necessary."
audio_749.wav,4.88882973499962,Excellent,"Overall, the person showcases high grammatical accuracy and adept control of complex grammar. They use grammar accurately and effectively, seldom making noticeable mistakes. Additionally, they handle complex language structures well and correct themselves when necessary."
audio_978.wav,4.885932336953822,Excellent,"Overall, the person showcases high grammatical accuracy and adept control of complex grammar. They use grammar accurately and effectively, seldom making noticeable mistakes. Additionally, they handle complex language structures well and correct themselves when necessary."
audio_981.wav,4.579147574762884,Excellent,"Overall, the person showcases high grammatical accuracy and adept control of complex grammar. They use grammar accurately and effectively, seldom making noticeable mistakes. Additionally, they handle complex language structures well and correct themselves when necessary."
audio_563.wav,3.967546315584059,Good,"The person displays a strong understanding of sentence structure and syntax. They consistently show good control of grammar. While occasional errors may occur, they are generally minor and do not lead to misunderstandings; the person can correct most of them."
audio_531.wav,4.8992463586777415,Excellent,"Overall, the person showcases high grammatical accuracy and adept control of complex grammar. They use grammar accurately and effectively, seldom making noticeable mistakes. Additionally, they handle complex language structures well and correct themselves when necessary."
audio_787.wav,4.433258956529051,Good,"The person displays a strong understanding of sentence structure and syntax. They consistently show good control of grammar. While occasional errors may occur, they are generally minor and do not lead to misunderstandings; the person can correct most of them."
audio_1079.wav,4.575249869756779,Excellent,"Overall, the person showcases high grammatical accuracy and adept control of complex grammar. They use grammar accurately and effectively, seldom making noticeable mistakes. Additionally, they handle complex language structures well and correct themselves when necessary."
audio_550.wav,3.261921143577402,Intermediate,"The person demonstrates a decent grasp of sentence structure but makes errors in grammatical structure, or they show a decent grasp of grammatical structure but make errors in sentence syntax and structure."
audio_641.wav,2.865512812988348,Intermediate,"The person demonstrates a decent grasp of sentence structure but makes errors in grammatical structure, or they show a decent grasp of grammatical structure but make errors in sentence syntax and structure."
audio_1001.wav,4.734473923607643,Excellent,"Overall, the person showcases high grammatical accuracy and adept control of complex grammar. They use grammar accurately and effectively, seldom making noticeable mistakes. Additionally, they handle complex language structures well and correct themselves when necessary."
